add_begin,275500,580
add_end,37700,1
add_end,37000,2
add_end,36200,3
add_end,35300,4
add_on_index,166400,5
add_end,34600,6
add_end,36600,7
add_begin,157700,8
add_on_index,132600,9
add_begin,1.5438e+06,10
add_on_index,27500,10
add_on_index,29900,11
add_on_index,27400,11
add_begin,271400,12
add_end,115400,13
add_on_index,32800,14
add_begin,135100,15
add_begin,136000,16
add_on_index,262700,17
add_begin,2.7288e+06,18
add_on_index,31100,18
add_on_index,33800,19
add_begin,263400,19
add_end,270300,20
add_begin,273600,21
add_on_index,35600,22
add_on_index,34400,23
add_end,37500,24
add_begin,134900,25
add_on_index,33000,26
add_on_index,29300,27
add_end,29600,28
add_end,32300,29
add_begin,326700,30
add_end,37200,31
add_begin,271400,32
add_begin,367500,33
add_begin,136400,34
add_end,33900,35
add_begin,137000,36
add_on_index,33900,36
add_end,225200,37
add_on_index,33200,38
add_end,31500,39
add_begin,138700,40
add_end,32600,41
add_end,32300,42
add_begin,278600,43
add_end,35300,43
add_on_index,34400,43
add_begin,136300,44
add_begin,133600,45
add_on_index,30700,46
add_on_index,32000,46
add_end,31700,47
add_on_index,34100,48
add_begin,372600,49
add_begin,275700,50
add_end,29400,51
add_on_index,37400,52
add_on_index,115900,53
add_end,29700,54
add_on_index,110300,55
add_begin,275600,56
add_begin,268400,57
add_on_index,26700,57
add_begin,307300,58
add_begin,146400,58
add_end,27500,58
add_begin,314700,59
add_begin,273600,60
add_on_index,111100,61
add_on_index,185600,62
add_on_index,159000,63
add_begin,155100,64
add_begin,371000,65
add_on_index,110200,66
add_on_index,34100,67
add_on_index,29700,68
add_end,28800,69
add_begin,138000,70
add_end,30400,71
add_on_index,31800,72
add_on_index,979400,73
add_begin,276200,74
add_on_index,30800,75
add_on_index,114300,75
add_end,190500,76
add_begin,270500,77
add_on_index,32200,78
add_on_index,29700,79
add_on_index,112300,80
add_begin,274100,81
add_end,164500,82
add_end,30200,83
add_begin,270100,84
add_on_index,111500,85
add_end,114800,84
add_begin,270000,85
add_on_index,34500,86
add_end,28800,87
add_begin,270700,88
add_on_index,110300,89
add_begin,269400,90
add_end,117500,90
add_begin,273200,91
add_end,28700,92
add_on_index,113100,93
add_on_index,113500,94
add_end,34800,95
add_on_index,164900,96
add_on_index,29100,97
add_end,31400,97
add_begin,323900,98
add_on_index,38500,99
add_on_index,29900,100
add_on_index,31000,100
add_begin,268300,101
add_end,29500,102
add_end,26900,102
add_begin,274200,103
add_begin,276700,104
add_on_index,32500,105
add_begin,282200,106
add_on_index,31600,106
add_on_index,37900,107
add_on_index,36300,108
add_end,30300,109
add_end,33900,110
add_begin,135200,111
add_begin,136000,112
add_end,39600,112
add_on_index,33100,113
add_on_index,32900,114
add_begin,138700,115
add_end,32500,116
add_end,31000,117
add_begin,136700,117
add_end,34200,118
add_end,31800,119
add_on_index,159000,120
add_end,110900,121
add_end,30600,122
add_on_index,111800,123
add_on_index,116300,124
add_on_index,34000,125
add_end,28700,125
add_begin,270200,125
add_end,27500,126
add_begin,267700,127
add_on_index,31800,127
add_on_index,163800,128
add_begin,296700,128
add_begin,377600,129
add_begin,276200,130
add_on_index,35500,130
add_on_index,27100,130
add_begin,303100,131
add_begin,272200,132
add_end,165300,133
add_begin,275100,133
add_begin,267300,133
add_begin,1.5822e+06,134
add_on_index,27500,135
add_end,30500,136
add_end,114900,137
add_end,111500,138
add_end,31900,139
add_on_index,32600,140
add_begin,140300,141
add_begin,139700,142
add_begin,272200,141
add_on_index,167800,142
add_on_index,164300,143
add_begin,278100,143
add_on_index,153600,144
add_end,33900,145
add_begin,142300,146
add_on_index,30000,147
add_begin,271500,148
add_end,163500,149
add_begin,692600,150
add_end,162400,151
add_begin,138200,150
add_begin,137000,150
add_begin,754400,151
add_on_index,33800,152
add_on_index,34300,153
add_on_index,32600,153
add_on_index,164200,154
add_end,30200,155
add_end,28000,156
add_end,34500,157
add_end,30900,158
add_on_index,117000,159
add_on_index,160300,160
add_on_index,32600,161
add_on_index,1.1763e+06,162
add_begin,280800,163
add_end,120900,164
add_on_index,28100,164
add_on_index,32100,165
add_on_index,34000,166
add_begin,273500,167
add_begin,277200,168
add_end,118400,169
add_end,27400,170
add_end,115600,171
add_begin,273600,172
add_begin,339100,173
add_on_index,120200,174
add_on_index,161700,175
add_end,29300,176
add_end,114200,177
add_on_index,31600,178
add_end,28900,179
add_on_index,163200,180
add_end,167100,181
add_on_index,32100,182
add_begin,272400,183
add_begin,272600,184
add_begin,275800,185
add_end,164600,186
add_begin,274400,187
add_begin,273100,188
add_begin,272700,189
add_on_index,31200,190
add_begin,270900,191
add_begin,275200,192
add_end,34400,193
add_on_index,114900,194
add_on_index,1.4039e+06,195
add_on_index,29700,196
add_end,30500,197
add_on_index,34200,197
add_on_index,32900,197
add_on_index,32200,198
add_on_index,33600,199
add_end,30100,199
add_end,686700,198
add_begin,335200,199
add_end,38800,200
add_end,34500,201
add_end,33800,202
add_begin,283600,203
add_end,28800,204
add_on_index,29200,205
add_on_index,167100,206
add_on_index,164900,207
add_end,29100,208
add_begin,272600,209
add_on_index,30700,210
add_end,29500,211
add_on_index,118900,212
add_on_index,116900,213
add_end,119800,214
add_on_index,116200,215
add_on_index,101400,216
add_end,29900,217
add_on_index,32600,218
add_on_index,170200,218
add_end,165000,219
add_begin,275600,220
add_begin,137400,221
add_begin,276500,221
add_on_index,163100,222
add_on_index,33200,223
add_on_index,169300,224
add_end,114700,225
add_end,115200,226
add_end,164700,227
add_end,26400,227
add_begin,272600,228
add_begin,277400,229
add_begin,275800,230
add_begin,692500,231
add_end,29100,232
add_on_index,117600,233
add_end,31100,234
add_begin,271400,235
add_begin,277800,236
add_begin,272600,237
add_begin,269400,236
add_on_index,117400,237
add_end,28500,238
add_end,117400,239
add_on_index,27900,239
add_begin,373100,240
add_on_index,33300,241
add_on_index,29300,242
add_end,163300,243
add_begin,295600,244
add_end,167200,244
add_end,30800,245
add_on_index,31800,246
add_begin,290900,247
add_begin,279900,248
add_end,27800,249
add_on_index,121800,249
add_on_index,162600,250
add_end,125000,251
add_end,165600,252
add_end,34100,253
add_begin,272900,253
add_on_index,162200,254
add_end,40200,255
add_begin,135000,256
add_begin,241700,257
add_end,34700,258
add_begin,139800,259
add_end,33400,260
add_begin,136300,261
add_on_index,32400,262
add_begin,270000,262
add_end,168600,263
add_on_index,407200,264
add_end,115100,265
add_on_index,114500,266
add_on_index,56600,267
add_on_index,168000,268
add_on_index,29600,269
add_end,29600,270
add_end,31500,271
add_begin,274100,272
add_end,32500,273
add_begin,272200,274
add_begin,168400,275
add_end,34600,276
add_on_index,33200,277
add_end,33800,278
add_begin,284900,277
add_begin,137000,277
add_end,36200,278
add_on_index,171900,279
add_begin,277900,279
add_end,32200,280
add_begin,284100,281
add_end,32900,282
add_end,166700,283
add_end,169500,284
add_end,167900,285
add_end,32500,286
add_end,174500,287
add_end,31300,288
add_begin,275700,288
add_begin,275100,289
add_end,163700,290
add_end,29400,291
add_begin,138500,292
add_end,32800,293
add_begin,168400,294
add_end,44700,295
add_on_index,33800,296
add_begin,161600,296
add_end,34600,297
add_on_index,35300,298
add_end,36200,299
add_on_index,33500,300
add_end,33600,301
add_on_index,29300,301
add_begin,285600,302
add_on_index,164700,303
add_end,29200,304
add_begin,137600,305
add_begin,273800,305
add_end,32400,306
add_end,31500,307
add_on_index,32400,307
add_on_index,168400,308
add_on_index,167000,309
add_on_index,30100,310
add_begin,652200,311
add_begin,274100,312
add_on_index,31600,313
add_on_index,30500,314
add_end,29700,315
add_on_index,31200,316
add_on_index,37100,317
add_on_index,1.3143e+06,318
add_begin,273100,319
add_begin,304100,320
add_on_index,29400,321
add_on_index,127400,322
add_begin,279200,323
add_end,117700,324
add_end,34700,325
add_on_index,37100,326
add_on_index,28600,327
add_begin,294700,328
add_on_index,3.6641e+06,329
add_on_index,552000,330
add_begin,274500,331
add_on_index,100100,332
add_end,31800,333
add_on_index,27400,334
add_end,41900,335
add_end,29000,336
add_begin,149500,337
add_begin,142300,338
add_on_index,169900,339
add_begin,272500,340
add_end,30100,341
add_end,37300,342
add_begin,137300,343
add_end,33500,342
add_end,31600,343
add_begin,137700,344
add_on_index,215200,345
add_begin,315600,346
add_begin,273800,347
add_begin,369100,348
add_on_index,116300,349
add_on_index,31200,349
add_begin,274600,348
add_begin,212700,349
add_begin,282300,350
add_end,29500,351
add_on_index,31300,352
add_on_index,32300,353
add_on_index,116900,354
add_on_index,114000,355
add_on_index,30300,356
add_begin,272400,357
add_end,117000,358
add_end,28700,359
add_begin,274000,360
add_begin,271900,361
add_end,27300,361
add_end,163500,362
add_begin,273200,363
add_on_index,115900,364
add_end,30400,365
add_end,31700,366
add_on_index,162000,367
add_end,32600,368
add_end,30200,369
add_begin,140200,370
add_end,40100,371
add_on_index,298400,372
add_end,33200,373
add_end,32000,374
add_on_index,34100,375
add_on_index,33400,376
add_end,33400,377
add_end,32800,378
add_begin,339800,379
add_on_index,803500,379
add_begin,275500,380
add_end,167600,381
add_on_index,767000,382
add_begin,273700,383
add_on_index,30900,383
add_on_index,30000,384
add_begin,693800,384
add_end,30000,385
add_on_index,31600,386
add_end,32700,387
add_end,31900,388
add_on_index,117500,389
add_end,31200,390
add_begin,140900,391
add_begin,142400,392
add_end,32700,393
add_on_index,34700,394
add_on_index,165000,395
add_begin,313300,396
add_end,169100,397
add_on_index,168000,398
add_end,40300,399
add_end,157000,400
add_on_index,158200,401
add_begin,307900,402
add_begin,277900,403
add_on_index,32900,403
add_end,165400,404
add_on_index,31200,404
add_on_index,167300,405
add_on_index,114400,405
add_end,118200,406
add_on_index,33300,406
add_begin,280100,407
add_on_index,676000,408
add_on_index,36100,409
add_end,546600,410
add_begin,1.7091e+06,411
add_end,31500,412
add_on_index,36000,413
add_begin,145800,413
add_end,33200,414
add_begin,273900,415
add_on_index,166300,416
add_on_index,26500,417
add_end,29000,418
add_end,30600,419
add_begin,283400,420
add_begin,275200,421
add_begin,278600,422
add_begin,271400,423
add_end,33500,424
add_begin,270100,425
add_end,29400,426
add_begin,217100,427
add_on_index,31300,428
add_begin,283100,429
add_end,27900,430
add_on_index,116700,431
add_begin,284700,432
add_end,27400,432
add_begin,268900,432
add_on_index,29200,433
add_on_index,29700,434
add_begin,278900,435
add_begin,272200,436
add_end,34100,437
add_begin,145500,438
add_begin,136600,439
add_end,33500,440
add_on_index,6.0106e+06,441
add_end,34300,442
add_begin,142000,443
add_end,34900,444
add_on_index,31400,445
add_end,27500,445
add_begin,277900,446
add_end,114700,447
add_on_index,30900,448
add_on_index,118000,449
add_begin,273100,449
add_end,166000,449
add_end,26900,449
add_end,28000,449
add_end,117800,450
add_end,28600,451
add_end,41800,452
add_end,32100,453
add_begin,134000,454
add_end,32600,454
add_end,31800,455
add_end,31400,456
add_on_index,34200,457
add_begin,514200,458
add_on_index,31400,459
add_on_index,36200,460
add_on_index,33300,461
add_end,73400,462
add_end,231400,463
add_begin,622800,464
add_end,171000,465
add_begin,300300,466
add_on_index,166300,467
add_end,28900,468
add_begin,333300,469
add_on_index,220100,470
add_on_index,30400,471
add_on_index,174000,472
add_end,31800,473
add_end,160500,474
add_begin,1.0744e+06,475
add_on_index,63100,476
add_on_index,116800,477
add_begin,279200,478
add_on_index,118600,479
add_end,163300,480
add_begin,279200,481
add_on_index,167300,482
add_begin,327600,483
add_end,31300,484
add_end,117000,485
add_begin,277900,486
add_on_index,33200,487
add_begin,271700,486
add_end,163000,487
add_end,171000,488
add_begin,277500,489
add_on_index,30200,489
add_end,29500,490
add_on_index,29700,491
add_end,32100,492
add_on_index,39800,493
add_on_index,72700,494
add_begin,275700,495
add_begin,997800,496
add_end,48200,497
add_begin,139800,498
add_end,31500,499
add_on_index,31300,500
add_begin,3.72e+06,501
add_end,996000,501
add_begin,302900,502
add_on_index,34800,503
add_begin,281000,504
add_end,32100,505
add_end,72800,506
add_end,660500,507
add_end,127600,508
add_on_index,37000,509
add_on_index,34000,510
add_on_index,35000,511
add_end,35000,512
add_end,30400,512
add_on_index,308300,513
add_end,31800,513
add_end,31100,514
add_begin,270200,515
add_begin,282800,516
add_on_index,34200,517
add_begin,137400,517
add_begin,138200,518
add_on_index,34800,519
add_on_index,35300,520
add_on_index,35400,521
add_on_index,33900,522
add_begin,139200,523
add_on_index,44500,524
add_on_index,155500,525
add_end,31400,526
add_on_index,167800,527
add_begin,136600,528
add_begin,138100,529
add_on_index,32300,530
add_end,33200,530
add_on_index,34700,530
add_on_index,3.0436e+06,531
add_begin,137400,532
add_end,31000,533
add_on_index,30900,532
add_on_index,32600,533
add_end,31400,534
add_end,168600,535
add_on_index,166100,536
add_end,32200,536
add_on_index,30900,537
add_begin,271000,537
add_end,167200,538
add_begin,275800,539
add_on_index,30500,540
add_end,33000,541
add_begin,303400,542
add_begin,276800,542
add_begin,429200,543
add_end,35900,544
add_begin,403700,545
add_on_index,284100,546
add_end,164100,547
add_begin,280700,548
add_on_index,163900,549
add_end,114900,550
add_end,30200,551
add_begin,278100,552
add_begin,276600,553
add_end,29200,554
add_end,168100,554
add_end,215100,555
add_end,116100,556
add_on_index,32300,557
add_end,165900,558
add_end,162800,559
add_begin,276800,560
add_begin,279000,561
add_end,118500,562
add_begin,269200,563
add_end,32600,564
add_end,37300,565
add_begin,272900,565
add_begin,270800,565
add_end,33300,566
add_begin,280000,567
add_on_index,33100,568
add_on_index,33700,569
add_end,114800,570
add_end,115000,571
add_on_index,167600,572
add_on_index,164300,573
add_end,30700,574
add_on_index,31700,575
add_begin,274500,576
add_on_index,29400,577
add_begin,478300,578
add_begin,274600,579
add_begin,277400,580
add_end,166100,581
add_begin,278300,582
add_begin,276400,583
add_on_index,116400,584
add_begin,2.9511e+06,585
add_end,5000, 1
add_end,4100, 2
add_begin,85800, 3
add_end,3900, 4
add_end,3600, 5
add_begin,27100, 5
add_on_index,27500, 6
add_on_index,23900, 7
add_end,4500, 8
add_end,3600, 9
add_end,4100, 10
add_on_index,32700, 11
add_begin,25600, 12
add_end,4400, 13
add_end,5000, 14
add_end,4000, 15
add_end,3800, 16
add_begin,25400, 17
add_on_index,27600, 18
add_on_index,26300, 19
add_end,8400, 20
add_end,3500, 21
add_end,3400, 22
add_on_index,27400, 22
add_end,4600, 22
add_begin,26100, 23
add_on_index,111000, 24
add_on_index,29200, 24
add_end,4000, 25
add_on_index,29600, 25
add_begin,26800, 26
add_on_index,23800, 26
add_on_index,27100, 27
add_begin,26000, 28
add_end,4100, 29
add_on_index,31100, 30
add_begin,30000, 31
add_begin,27500, 32
add_on_index,26900, 33
add_on_index,192800, 34
add_on_index,28100, 35
add_end,3700, 36
add_end,3300, 37
add_on_index,26100, 38
add_end,3200, 39
add_on_index,26400, 40
add_begin,25700, 41
add_on_index,24900, 42
add_on_index,28000, 43
add_on_index,26700, 44
add_on_index,24900, 45
add_on_index,27000, 46
add_end,3400, 47
add_end,3400, 48
add_end,4300, 49
add_on_index,24000, 49
add_end,6800, 50
add_on_index,30400, 51
add_begin,28400, 52
add_end,3800, 53
add_begin,27300, 54
add_begin,27700, 55
add_begin,27400, 54
add_end,5100, 55
add_begin,25300, 56
add_on_index,27100, 57
add_begin,22200, 56
add_begin,25500, 57
add_on_index,25500, 58
add_begin,26600, 57
add_end,3800, 57
add_end,3600, 58
add_on_index,262600, 59
add_end,4600, 60
add_end,4100, 61
add_on_index,29800, 62
add_begin,25800, 63
add_on_index,26400, 64
add_on_index,29000, 65
add_on_index,26300, 66
add_on_index,26400, 67
add_on_index,30300, 68
add_end,3700, 69
add_begin,29300, 70
add_end,3500, 71
add_end,4100, 71
add_on_index,388500, 72
add_end,4100, 73
add_end,479000, 74
add_end,3600, 75
add_begin,25700, 76
add_end,3200, 76
add_begin,25800, 77
add_on_index,316300, 78
add_on_index,33100, 79
add_end,3900, 79
add_on_index,25800, 80
add_on_index,25700, 81
add_end,3900, 82
add_on_index,25400, 83
add_end,3900, 84
add_begin,21800, 85
add_begin,114900, 86
add_on_index,31300, 87
add_end,3500, 88
add_begin,149500, 89
add_on_index,28300, 89
add_begin,24800, 89
add_begin,25500, 90
add_on_index,36900, 91
add_on_index,29800, 92
add_begin,26200, 92
add_end,3700, 93
add_begin,29600, 93
add_end,4000, 93
add_begin,25000, 94
add_begin,24200, 95
add_on_index,28700, 96
add_on_index,27900, 96
add_end,3700, 97
add_on_index,27400, 98
add_begin,25900, 99
add_end,3600, 100
add_end,3600, 101
add_end,4600, 102
add_on_index,31200, 103
add_end,3900, 104
add_on_index,36000, 103
add_begin,115100, 104
add_begin,29900, 104
add_end,5100, 105
add_on_index,25600, 106
add_end,3300, 107
add_begin,33500, 108
add_end,6100, 109
add_begin,29800, 110
add_on_index,27400, 111
add_end,3400, 112
add_on_index,22100, 113
add_on_index,37900, 114
add_on_index,25300, 115
add_begin,26900, 116
add_on_index,25500, 117
add_end,3400, 118
add_begin,28400, 119
add_end,3500, 120
add_begin,29900, 121
add_begin,22200, 122
add_end,4400, 123
add_begin,24300, 124
add_begin,20800, 125
add_end,3100, 125
add_on_index,27500, 126
add_begin,28600, 127
add_begin,25900, 128
add_end,4500, 127
add_on_index,24400, 127
add_begin,26200, 127
add_begin,26800, 128
add_begin,26000, 129
add_begin,26400, 129
add_begin,26300, 130
add_on_index,25600, 131
add_begin,26300, 132
add_begin,26600, 132
add_begin,26000, 133
add_begin,25500, 134
add_begin,35300, 135
add_begin,24500, 136
add_begin,29100, 137
add_on_index,26800, 138
add_end,4100, 139
add_end,5300, 140
add_begin,21200, 141
add_end,4300, 142
add_begin,24200, 143
add_on_index,27500, 144
add_end,3700, 145
add_begin,24700, 146
add_begin,29900, 147
add_on_index,29000, 148
add_end,4100, 149
add_on_index,27900, 150
add_on_index,26200, 151
add_begin,27500, 152
add_end,3800, 153
add_on_index,26300, 153
add_begin,25900, 154
add_on_index,37700, 155
add_on_index,27900, 156
add_end,4200, 157
add_end,4200, 156
add_on_index,30900, 156
add_end,4600, 157
add_on_index,27300, 158
add_on_index,27200, 159
add_on_index,27400, 160
add_end,3900, 161
add_end,5400, 162
add_on_index,28700, 163
add_end,3800, 164
add_end,4000, 165
add_end,4000, 165
add_begin,26100, 166
add_begin,25200, 167
add_begin,161400, 168
add_end,3300, 169
add_begin,28700, 170
add_on_index,26600, 170
add_begin,25500, 171
add_end,61100, 172
add_end,6200, 173
add_end,5100, 174
add_begin,526100, 175
add_on_index,26500, 176
add_on_index,29700, 177
add_on_index,29100, 178
add_end,3700, 179
add_on_index,27500, 180
add_end,4000, 181
add_on_index,26900, 182
add_on_index,27100, 183
add_begin,26200, 183
add_begin,26100, 184
add_on_index,25400, 185
add_begin,28100, 186
add_end,3900, 187
add_end,3700, 188
add_on_index,27300, 189
add_begin,25300, 190
add_on_index,25200, 191
add_end,3600, 192
add_end,3700, 193
add_end,5000, 194
add_on_index,37800, 195
add_on_index,30100, 195
add_begin,27400, 196
add_begin,28400, 196
add_on_index,26600, 197
add_begin,28300, 198
add_on_index,30300, 199
add_on_index,29000, 200
add_end,5800, 200
add_on_index,28800, 201
add_end,3900, 202
add_end,5700, 202
add_end,4000, 203
add_begin,25800, 203
add_end,3900, 204
add_on_index,27400, 205
add_begin,27600, 206
add_end,4400, 207
add_on_index,29000, 208
add_on_index,31100, 209
add_end,5200, 210
add_on_index,27500, 210
add_begin,26300, 210
add_end,3900, 211
add_begin,31200, 212
add_end,11500, 213
add_begin,26200, 214
add_end,4100, 215
add_begin,26500, 216
add_begin,26500, 217
add_on_index,30600, 217
add_end,4200, 218
add_on_index,26900, 219
add_end,3700, 220
add_end,5500, 221
add_begin,25200, 222
add_begin,25500, 223
add_begin,30100, 223
add_on_index,27300, 224
add_end,5700, 225
add_end,4100, 226
add_on_index,31400, 227
add_on_index,26500, 228
add_on_index,30300, 229
add_end,4100, 230
add_end,4400, 230
add_begin,325000, 231
add_on_index,30600, 232
add_begin,28100, 233
add_on_index,28400, 234
add_begin,28500, 235
add_end,4500, 236
add_begin,24700, 237
add_begin,40600, 238
add_on_index,28500, 239
add_end,8300, 240
add_on_index,29600, 241
add_end,3800, 242
add_begin,28600, 242
add_end,4500, 242
add_on_index,103200, 243
add_end,5000, 243
add_begin,30600, 244
add_begin,32100, 245
add_begin,44200, 245
add_end,4400, 246
add_begin,28300, 247
add_begin,26700, 248
add_begin,26700, 249
add_begin,28000, 250
add_on_index,27400, 251
add_on_index,27200, 252
add_begin,26800, 253
add_begin,29600, 254
add_on_index,27600, 255
add_begin,24900, 256
add_end,4100, 257
add_end,6000, 258
add_begin,25700, 259
add_on_index,27000, 260
add_end,3700, 261
add_on_index,26900, 261
add_end,3800, 262
add_end,3800, 263
add_begin,27300, 264
add_end,4400, 265
add_end,4200, 266
add_on_index,27500, 267
add_end,4300, 268
add_on_index,26500, 269
add_begin,27400, 270
add_end,4200, 271
add_begin,28900, 272
add_end,3900, 273
add_begin,27500, 274
add_end,4100, 275
add_on_index,29100, 275
add_begin,40900, 276
add_on_index,28200, 277
add_end,5700, 278
add_end,4200, 279
add_on_index,27800, 278
add_on_index,72600, 279
add_end,4100, 280
add_end,4200, 281
add_on_index,56400, 282
add_begin,30000, 283
add_on_index,155400, 284
add_begin,33000, 285
add_end,3900, 286
add_end,3700, 287
add_on_index,42300, 288
add_on_index,30500, 289
add_end,3800, 290
add_end,3900, 291
add_on_index,27200, 292
add_end,3800, 293
add_end,3900, 294
add_begin,26300, 295
add_end,7700, 295
add_begin,25800, 296
add_begin,24200, 297
add_on_index,26600, 294
add_end,3900, 295
add_end,3600, 296
add_begin,26100, 297
add_end,3700, 298
add_begin,159300, 299
add_on_index,27100, 300
add_begin,26100, 301
add_end,5500, 302
add_end,5400, 302
add_begin,26700, 301
add_on_index,28100, 302
add_end,4500, 303
add_end,5700, 304
add_on_index,32200, 305
add_end,9100, 306
add_end,3900, 306
add_begin,25900, 307
add_end,4000, 308
add_on_index,28900, 309
add_on_index,138400, 310
add_on_index,4.4178e+06, 311
add_on_index,55200, 312
add_on_index,27700, 313
add_end,4000, 314
add_begin,33900, 315
add_on_index,35800, 316
add_on_index,46000, 317
add_end,3700, 318
add_on_index,26100, 318
add_on_index,30800, 319
add_end,5100, 320
add_on_index,29600, 321
add_on_index,28500, 321
add_end,6200, 322
add_on_index,27200, 322
add_end,4400, 323
add_on_index,28500, 324
add_begin,26600, 325
add_begin,26800, 326
add_begin,25800, 327
add_on_index,27100, 328
add_on_index,27300, 328
add_on_index,28200, 328
add_on_index,26800, 329
add_on_index,26500, 330
add_end,4000, 330
add_on_index,1.9828e+06, 331
add_on_index,26700, 332
add_end,4100, 333
add_end,5400, 334
add_begin,26400, 334
add_end,5200, 335
add_end,4500, 336
add_end,347200, 337
add_begin,25900, 338
add_end,4400, 339
add_on_index,36800, 340
add_begin,33300, 341
add_on_index,27900, 341
add_begin,30800, 342
add_on_index,27700, 343
add_begin,31000, 344
add_end,4000, 343
add_end,5500, 344
add_begin,27000, 344
add_end,4300, 345
add_end,4300, 346
add_on_index,27800, 347
add_begin,32600, 348
add_on_index,27200, 348
add_begin,169000, 349
add_end,4900, 350
add_on_index,27400, 350
add_on_index,30900, 351
add_on_index,29100, 352
add_on_index,30700, 353
add_begin,36400, 353
add_on_index,45600, 354
add_end,4600, 355
add_on_index,171000, 356
add_on_index,29400, 357
add_begin,28600, 358
add_begin,47300, 359
add_on_index,25400, 360
add_begin,24300, 361
add_begin,28700, 362
add_begin,26400, 363
add_begin,25100, 364
add_on_index,28600, 365
add_end,3100, 365
add_end,3900, 366
add_begin,103400, 367
add_begin,26300, 368
add_on_index,26500, 369
add_begin,475700, 370
add_on_index,29400, 371
add_end,3800, 371
add_on_index,27900, 372
add_end,5200, 373
add_begin,30200, 374
add_on_index,199200, 375
add_end,5300, 376
add_end,4200, 377
add_end,4100, 378
add_end,4200, 379
add_on_index,27300, 380
add_end,4300, 381
add_begin,26300, 380
add_on_index,62000, 381
add_end,4300, 382
add_end,4000, 383
add_begin,32100, 384
add_end,4700, 385
add_begin,345700, 385
add_on_index,33700, 385
add_end,4700, 386
add_end,6700, 387
add_begin,181500, 388
add_on_index,43300, 389
add_begin,32200, 390
add_on_index,27700, 391
add_end,5300, 392
add_on_index,408300, 392
add_begin,1.4528e+06, 393
add_end,4100, 394
add_begin,423400, 395
add_on_index,29800, 396
add_on_index,28900, 397
add_begin,25800, 398
add_end,4000, 399
add_on_index,31800, 400
add_end,5300, 401
add_on_index,27400, 402
add_end,4100, 403
add_begin,28100, 404
add_on_index,34900, 405
add_on_index,86100, 406
add_on_index,27200, 407
add_on_index,166400, 408
